{
  "project_info": {
    "project_number": "991291353917",
    "firebase_url": "https://ppcbankforpersonal.firebaseio.com",
    "project_id": "ppcbankforpersonal",
    "storage_bucket": "ppcbankforpersonal.appspot.com"
  },
  "client": [
    {
      "client_info": {
        "mobilesdk_app_id": "1:991291353917:android:e7ed44c1075ab369213354",
        "android_client_info": {
          "package_name": "kh.com.ppcbank.mbanking2p"
        }
      },
      "oauth_client": [
        {
          "client_id": "991291353917-6029mal3poui1cn0g2uq2qdfk8596dpc.apps.googleusercontent.com",
          "client_type": 3
        }
      ],
      "api_key": [
        {
          "current_key": "AIzaSyCZMgkGwxkOp29p-qhQp8oeQIDJ-1ZSXt0"
        }
      ],
      "services": {
        "appinvite_service": {
          "other_platform_oauth_client": [
            {
              "client_id": "991291353917-6029mal3poui1cn0g2uq2qdfk8596dpc.apps.googleusercontent.com",
              "client_type": 3
            }
          ]
        }
      }
    },
    {
      "client_info": {
        "mobilesdk_app_id": "1:991291353917:android:dd8ba1989cd8b5c6213354",
        "android_client_info": {
          "package_name": "kh.com.ppcbank.mbanking2p.sit"
        }
      },
      "oauth_client": [
        {
          "client_id": "991291353917-6029mal3poui1cn0g2uq2qdfk8596dpc.apps.googleusercontent.com",
          "client_type": 3
        }
      ],
      "api_key": [
        {
          "current_key": "AIzaSyCZMgkGwxkOp29p-qhQp8oeQIDJ-1ZSXt0"
        }
      ],
      "services": {
        "appinvite_service": {
          "other_platform_oauth_client": [
            {
              "client_id": "991291353917-6029mal3poui1cn0g2uq2qdfk8596dpc.apps.googleusercontent.com",
              "client_type": 3
            }
          ]
        }
      }
    },
    {
      "client_info": {
        "mobilesdk_app_id": "1:991291353917:android:832d48106b1674dd213354",
        "android_client_info": {
          "package_name": "kh.com.ppcbank.mbanking2p.uat"
        }
      },
      "oauth_client": [
        {
          "client_id": "991291353917-6029mal3poui1cn0g2uq2qdfk8596dpc.apps.googleusercontent.com",
          "client_type": 3
        }
      ],
      "api_key": [
        {
          "current_key": "AIzaSyCZMgkGwxkOp29p-qhQp8oeQIDJ-1ZSXt0"
        }
      ],
      "services": {
        "appinvite_service": {
          "other_platform_oauth_client": [
            {
              "client_id": "991291353917-6029mal3poui1cn0g2uq2qdfk8596dpc.apps.googleusercontent.com",
              "client_type": 3
            }
          ]
        }
      }
    }
  ],
  "configuration_version": "1"
}