{
  "project_info": {
    "project_number": "883937847207",
    "firebase_url": "https://ppcbankforsmartbiz.firebaseio.com",
    "project_id": "ppcbankforsmartbiz",
    "storage_bucket": "ppcbankforsmartbiz.appspot.com"
  },
  "client": [
    {
      "client_info": {
        "mobilesdk_app_id": "1:883937847207:android:ce7f247da7d33384a87882",
        "android_client_info": {
          "package_name": "kh.com.ppcbank.mbanking2s"
        }
      },
      "oauth_client": [
        {
          "client_id": "883937847207-a2i70mjnl4qcrjta0blduobhv1gcfgjl.apps.googleusercontent.com",
          "client_type": 3
        }
      ],
      "api_key": [
        {
          "current_key": "AIzaSyBnIV2GE4R3W0vnQDHw1Oq69mi3uV2rXMA"
        }
      ],
      "services": {
        "appinvite_service": {
          "other_platform_oauth_client": [
            {
              "client_id": "883937847207-a2i70mjnl4qcrjta0blduobhv1gcfgjl.apps.googleusercontent.com",
              "client_type": 3
            }
          ]
        }
      }
    },
    {
      "client_info": {
        "mobilesdk_app_id": "1:883937847207:android:d805c6dbab37369da87882",
        "android_client_info": {
          "package_name": "kh.com.ppcbank.mbanking2s.sit"
        }
      },
      "oauth_client": [
        {
          "client_id": "883937847207-a2i70mjnl4qcrjta0blduobhv1gcfgjl.apps.googleusercontent.com",
          "client_type": 3
        }
      ],
      "api_key": [
        {
          "current_key": "AIzaSyBnIV2GE4R3W0vnQDHw1Oq69mi3uV2rXMA"
        }
      ],
      "services": {
        "appinvite_service": {
          "other_platform_oauth_client": [
            {
              "client_id": "883937847207-a2i70mjnl4qcrjta0blduobhv1gcfgjl.apps.googleusercontent.com",
              "client_type": 3
            }
          ]
        }
      }
    },
    {
      "client_info": {
        "mobilesdk_app_id": "1:883937847207:android:26bf52d408e0a2f3a87882",
        "android_client_info": {
          "package_name": "kh.com.ppcbank.mbanking2s.uat"
        }
      },
      "oauth_client": [
        {
          "client_id": "883937847207-a2i70mjnl4qcrjta0blduobhv1gcfgjl.apps.googleusercontent.com",
          "client_type": 3
        }
      ],
      "api_key": [
        {
          "current_key": "AIzaSyBnIV2GE4R3W0vnQDHw1Oq69mi3uV2rXMA"
        }
      ],
      "services": {
        "appinvite_service": {
          "other_platform_oauth_client": [
            {
              "client_id": "883937847207-a2i70mjnl4qcrjta0blduobhv1gcfgjl.apps.googleusercontent.com",
              "client_type": 3
            }
          ]
        }
      }
    }
  ],
  "configuration_version": "1"
}