{
    "ios": {
        "debug": {
            "codeSignIdentity": "iPhone Developer",
            "provisioningProfile": "2020 PPCB Personal Development SIT",
            "developmentTeam": "AF29P2AX2D",
            "packageType": "development",
            "iCloudContainerEnvironment": "Development",
            "buildFlag": [
                "-UseModernBuildSystem=0",
                "ALWAYS_EMBED_SWIFT_STANDARD_LIBRARIES=YES"
            ]
        },

        "debug1": {
            "codeSignIdentity": "iPhone Developer",
            "developmentTeam": "AF29P2AX2D",
            "packageType": "development",
            "automaticProvisioning": true,
            "buildFlag": [
                "-UseModernBuildSystem=0",
                "ALWAYS_EMBED_SWIFT_STANDARD_LIBRARIES=YES"
            ]
        },

        "debug2": {
            "codeSignIdentity": "iPhone Distribution",
            "provisioningProfile": "2020 PPCB Personal SIT",
            "developmentTeam": "AF29P2AX2D",
            "packageType": "enterprise",
            "iCloudContainerEnvironment": "Development",
            "buildFlag": [
                "-UseModernBuildSystem=0",
                "ALWAYS_EMBED_SWIFT_STANDARD_LIBRARIES=YES"
            ]
        },

        "release1": {
            "codeSignIdentity": "iPhone Distribution",
            "provisioningProfile": "2020 PPCB Personal",
            "developmentTeam": "AF29P2AX2D",
            "packageType": "enterprise",
            "iCloudContainerEnvironment": "Development",
            "buildFlag": [
                "-UseModernBuildSystem=0",
                "ALWAYS_EMBED_SWIFT_STANDARD_LIBRARIES=YES"
            ]
        },

        "release": {
            "codeSignIdentity": "iPhone Distribution",
            "provisioningProfile": "2020 PPCBank Mobile",
            "developmentTeam": "JUPNCUL46L",
            "packageType": "app-store",
            "iCloudContainerEnvironment": "Production",
            "buildFlag": [
                "-UseModernBuildSystem=0",
                "ALWAYS_EMBED_SWIFT_STANDARD_LIBRARIES=YES"
            ]
        }
    },
    "android": {
        "release": {
            "keystore": "resources/android/certificate/PPCBank_Personal.jks",
            "storePassword": "123qwe",
            "alias": "ppcbank",
            "password": "123qwe",
            "keystoreType": "jks"
        },
        "debug": {
            "keystore": "resources/android/certificate/PPCBank_Personal.jks",
            "storePassword": "123qwe",
            "alias": "ppcbank",
            "password": "123qwe",
            "keystoreType": "jks"
        }
    }
}